{"actions":[],"apps":[{"acl":{"app":[],"field":[],"record":[]},"app":null,"category":{"categories":[],"useCategory":"false"},"form":{"layout":"[{\"id\":null,\"type\":\"ROW\",\"isSubTable\":false,\"var\":null,\"controlList\":[{\"isVirtical\":true,\"label\":\"\\u4ef6\\u540d\",\"styleMap\":{\"width\":546},\"type\":\"SINGLE_LINE_TEXT\",\"var\":\"summary\"}]},{\"id\":null,\"type\":\"ROW\",\"isSubTable\":false,\"var\":null,\"controlList\":[{\"isVirtical\":true,\"label\":\"\\u8a73\\u7d30\",\"styleMap\":{\"width\":546,\"height\":216,\"innerHeight\":185},\"type\":\"MULTIPLE_LINE_TEXT\",\"var\":\"description\"}]},{\"id\":null,\"type\":\"ROW\",\"isSubTable\":false,\"var\":null,\"controlList\":[{\"isVirtical\":true,\"styleMap\":{\"width\":546},\"type\":\"LINK\",\"var\":\"link\",\"label\":\"\\u30ea\\u30f3\\u30af\"}]}]","revision":null},"iconMeta":{"internalName":null,"mime":"image/png","name":"glyph.png"},"info":{"code":null,"decimalPrecision":"16","decimalScale":"4","description":"\u003Cdiv\u003E\u003Cbr /\u003E\u003C/div\u003E","enableBulkDeletion":"true","fiscalYearStartMonth":"4","iconKey":"203","iconType":"BLOB","jsFiles":null,"jsScope":"ALL","name":"課題管理アプリ","roundingMode":"HALF_EVEN","theme":"PLAIN","titleComponentLocalId":null,"useComment":"true","useHistory":"true","useThumbnail":"true"},"jsFiles":[],"notification":{"appNotifications":[{"events":["RECORD_COMMENT_ADDED"],"target":{"entityId":"5264395","entityType":"FIELD_ENTITY","includeSubs":"false"}},{"events":["RECORD_COMMENT_ADDED"],"target":{"entityId":"5264396","entityType":"FIELD_ENTITY","includeSubs":"false"}}],"recordNotifications":[],"reminderTimezone":null,"reminders":[],"useComment":"true","useReminder":"false"},"plugin":{"pluginIds":["demokepincdnicpmdemekdmpfjnpmjla"]},"reports":[],"resource":{"tables":[{"rows":[{"fields":[],"objectId":"0","subObjectId":"-1"}],"type":"AppName"},{"rows":[{"fields":[],"objectId":"0","subObjectId":"-1"}],"type":"AppDescription"},{"rows":[{"fields":[],"objectId":"5264394","subObjectId":"-1"},{"fields":[],"objectId":"5264395","subObjectId":"-1"},{"fields":[],"objectId":"5264396","subObjectId":"-1"},{"fields":[],"objectId":"5264397","subObjectId":"-1"},{"fields":[],"objectId":"5264398","subObjectId":"-1"},{"fields":[],"objectId":"5264399","subObjectId":"-1"},{"fields":[],"objectId":"5264400","subObjectId":"-1"},{"fields":[],"objectId":"5264401","subObjectId":"-1"},{"fields":[],"objectId":"5264420","subObjectId":"-1"},{"fields":[],"objectId":"5264421","subObjectId":"-1"},{"fields":[],"objectId":"5265161","subObjectId":"-1"}],"type":"FieldLabel"},{"rows":[{"fields":[],"objectId":"5264429","subObjectId":"-1"},{"fields":[],"objectId":"20","subObjectId":"-1"}],"type":"ViewName"}]},"schema":{"groups":[],"revision":null,"subTable":{},"table":{"fieldList":{"5264394":{"id":"5264394","label":"レコード番号","properties":{"noLabel":"false","required":"true"},"type":"RECORD_ID","var":"レコード番号"},"5264395":{"id":"5264395","label":"更新者","properties":{"noLabel":"false","required":"true"},"type":"MODIFIER","var":"更新者"},"5264396":{"id":"5264396","label":"作成者","properties":{"noLabel":"false","required":"true"},"type":"CREATOR","var":"作成者"},"5264397":{"id":"5264397","label":"更新日時","properties":{"noLabel":"false","required":"true"},"type":"MODIFIED_AT","var":"更新日時"},"5264398":{"id":"5264398","label":"作成日時","properties":{"noLabel":"false","required":"true"},"type":"CREATED_AT","var":"作成日時"},"5264399":{"id":"5264399","label":"ステータス","properties":{"noLabel":"false","required":"false"},"type":"STATUS","var":"ステータス"},"5264400":{"id":"5264400","label":"作業者","properties":{"noLabel":"false","required":"false"},"type":"STATUS_ASSIGNEE","var":"作業者"},"5264401":{"id":"5264401","label":"カテゴリー","properties":{"noLabel":"false","required":"false"},"type":"CATEGORY","var":"カテゴリー"},"5264420":{"id":"5264420","label":"件名","properties":{"defaultValue":"","expression":"","hideExpression":"false","max":null,"min":null,"noLabel":"false","required":"true","unique":"false"},"type":"SINGLE_LINE_TEXT","var":"summary"},"5264421":{"id":"5264421","label":"詳細","properties":{"defaultValue":"","noLabel":"false","required":"false"},"type":"MULTIPLE_LINE_TEXT","var":"description"},"5265161":{"id":"5265161","label":"リンク","properties":{"defaultValue":"","max":null,"min":null,"noLabel":"false","protocol":"WEB","required":"false","unique":"false"},"type":"LINK","var":"link"}},"id":"1","label":"__ROOT__","var":"__ROOT__"}},"status":{"actions":[],"filters":[],"initialStateId":null,"states":[],"useStatus":"false"},"uuid":"8c966637-27cd-4a9e-b2e4-e9735578843f","views":[{"advancedMode":"false","builtinType":null,"fields":[{"row":[{"id":"5264420"},{"id":"5264421"},{"id":"5265161"}]}],"filter":{"category":null,"offset":null,"order":["DESC"],"q":null,"size":null,"sort":["f5264394"]},"html":null,"keyFieldId":null,"name":"一覧","pager":null,"revision":null,"titleFieldId":null,"view":"5264429","viewType":"LIST"},{"advancedMode":null,"builtinType":"ALL","fields":[{"row":[{"id":"5264394"},{"id":"5264420"},{"id":"5264421"},{"id":"5265161"}]}],"filter":{"category":null,"offset":null,"order":[],"q":null,"size":null,"sort":[]},"html":null,"keyFieldId":null,"name":"（すべて）","pager":null,"revision":null,"titleFieldId":null,"view":"20","viewType":"LIST"}]}],"description":"kintone & AWS ハンズオン秋祭り2015【B-2】で利用します。","iconKey":"2015111401302405FEE592165C444BA0FD22094FDF9559100","iconMeta":{"internalName":null,"mime":"image/png","name":"glyph.png"},"iconSrcAppId":"8c966637-27cd-4a9e-b2e4-e9735578843f","iconType":"BLOB","idConversionMap":{"41":"8c966637-27cd-4a9e-b2e4-e9735578843f"},"imagesMeta":[],"lookups":[],"name":"課題管理アプリ","references":[],"version":"15"}